sample_id,target
ID1001187975__Dry_Clover_g,28.503463745117188
ID1001187975__Dry_Dead_g,28.503463745117188
ID1001187975__Dry_Green_g,28.503463745117188
ID1001187975__Dry_Total_g,28.503463745117188
ID1001187975__GDM_g,28.503463745117188
